ID,ChrL,ChrR,LeftProtein,RightProtein
GS_AR18Q10009_V4.pjt,"[{'#CHROM': 7, 'POS': 117509093, 'ID': 'rs1800076', 'REF': 'G', 'ALT': 'A', 'QUAL': '.', 'FILTER': 'PASS', 'INFO': '.'}, {'#CHROM': 7, 'POS': 117548606, 'ID': 'rs528823432;rs528823432;rs4646205', 'REF': 'ATG', 'ALT': 'ATGTG,ATGTGTG,A', 'QUAL': '.', 'FILTER': 'PASS', 'INFO': '.'}]","[{'#CHROM': 7, 'POS': 117548606, 'ID': 'rs528823432;rs528823432;rs4646205', 'REF': 'ATG', 'ALT': 'ATGTG,ATGTGTG,A', 'QUAL': '.', 'FILTER': 'PASS', 'INFO': '.'}]","['R75Q', None]",[None]
GS_AR18Q10010_V4.pjt,"[{'#CHROM': 7, 'POS': 117548606, 'ID': 'rs528823432;rs528823432;rs4646205', 'REF': 'ATG', 'ALT': 'ATGTG,ATGTGTG,A', 'QUAL': '.', 'FILTER': 'PASS', 'INFO': '.'}]","[{'#CHROM': 7, 'POS': 117480087, 'ID': 'rs1800501', 'REF': 'G', 'ALT': 'C', 'QUAL': '.', 'FILTER': 'PASS', 'INFO': '.'}, {'#CHROM': 7, 'POS': 117548606, 'ID': 'rs528823432;rs528823432;rs4646205', 'REF': 'ATG', 'ALT': 'ATGTG,ATGTGTG,A', 'QUAL': '.', 'FILTER': 'PASS', 'INFO': '.'}]",[None],"[None, None]"
GS_AR18Q10011_V4.pjt,"[{'#CHROM': 7, 'POS': 117536684, 'ID': 'rs1800503', 'REF': 'C', 'ALT': 'T', 'QUAL': '.', 'FILTER': 'PASS', 'INFO': '.'}, {'#CHROM': 7, 'POS': 117559479, 'ID': 'rs213950', 'REF': 'G', 'ALT': 'A', 'QUAL': '.', 'FILTER': 'PASS', 'INFO': '.'}, {'#CHROM': 7, 'POS': 117559590, 'ID': 'rs199826652', 'REF': 'ATCT', 'ALT': 'A', 'QUAL': '.', 'FILTER': 'PASS', 'INFO': '.'}]","[{'#CHROM': 7, 'POS': 117480087, 'ID': 'rs1800501', 'REF': 'G', 'ALT': 'C', 'QUAL': '.', 'FILTER': 'PASS', 'INFO': '.'}, {'#CHROM': 7, 'POS': 117548606, 'ID': 'rs528823432;rs528823432;rs4646205', 'REF': 'ATG', 'ALT': 'ATGTG,ATGTGTG,A', 'QUAL': '.', 'FILTER': 'PASS', 'INFO': '.'}, {'#CHROM': 7, 'POS': 117559479, 'ID': 'rs213950', 'REF': 'G', 'ALT': 'A', 'QUAL': '.', 'FILTER': 'PASS', 'INFO': '.'}, {'#CHROM': 7, 'POS': 117595001, 'ID': 'rs1042077', 'REF': 'T', 'ALT': 'G', 'QUAL': '.', 'FILTER': 'PASS', 'INFO': '.'}, {'#CHROM': 7, 'POS': 117595142, 'ID': 'rs4148712', 'REF': 'CAT', 'ALT': 'C', 'QUAL': '.', 'FILTER': 'PASS', 'INFO': '.'}, {'#CHROM': 7, 'POS': 117595164, 'ID': 'rs4148713', 'REF': 'T', 'ALT': 'A', 'QUAL': '.', 'FILTER': 'PASS', 'INFO': '.'}]","[None, 'V470M', None]","[None, None, 'V470M', 'T854=', None, None]"
GS_AR18Q10018_V4.pjt,"[{'#CHROM': 7, 'POS': 117548606, 'ID': 'rs528823432;rs528823432;rs4646205', 'REF': 'ATG', 'ALT': 'ATGTG,ATGTGTG,A', 'QUAL': '.', 'FILTER': 'PASS', 'INFO': '.'}]","[{'#CHROM': 7, 'POS': 117548606, 'ID': 'rs528823432;rs528823432;rs4646205', 'REF': 'ATG', 'ALT': 'ATGTG,ATGTGTG,A', 'QUAL': '.', 'FILTER': 'PASS', 'INFO': '.'}, {'#CHROM': 7, 'POS': 117559479, 'ID': 'rs213950', 'REF': 'G', 'ALT': 'A', 'QUAL': '.', 'FILTER': 'PASS', 'INFO': '.'}, {'#CHROM': 7, 'POS': 117559655, 'ID': 'rs1800095', 'REF': 'G', 'ALT': 'A', 'QUAL': '.', 'FILTER': 'PASS', 'INFO': '.'}, {'#CHROM': 7, 'POS': 117591798, 'ID': 'rs11978434', 'REF': 'T', 'ALT': 'C', 'QUAL': '.', 'FILTER': 'PASS', 'INFO': '.'}, {'#CHROM': 7, 'POS': 117595001, 'ID': 'rs1042077', 'REF': 'T', 'ALT': 'G', 'QUAL': '.', 'FILTER': 'PASS', 'INFO': '.'}, {'#CHROM': 7, 'POS': 117595142, 'ID': 'rs4148712', 'REF': 'CAT', 'ALT': 'C', 'QUAL': '.', 'FILTER': 'PASS', 'INFO': '.'}, {'#CHROM': 7, 'POS': 117606582, 'ID': 'rs35050470', 'REF': 'G', 'ALT': 'A', 'QUAL': '.', 'FILTER': 'PASS', 'INFO': '.'}, {'#CHROM': 7, 'POS': 117667054, 'ID': 'rs1800136', 'REF': 'G', 'ALT': 'A', 'QUAL': '.', 'FILTER': 'PASS', 'INFO': '.'}]",[None],"[None, 'V470M', 'E528=', None, 'T854=', None, None, 'Q1463=']"
GS_AR18Q10025_V4.pjt,"[{'#CHROM': 7, 'POS': 117536684, 'ID': 'rs1800503', 'REF': 'C', 'ALT': 'T', 'QUAL': '.', 'FILTER': 'PASS', 'INFO': '.'}, {'#CHROM': 7, 'POS': 117548606, 'ID': 'rs528823432;rs528823432;rs4646205', 'REF': 'ATG', 'ALT': 'ATGTG,ATGTGTG,A', 'QUAL': '.', 'FILTER': 'PASS', 'INFO': '.'}, {'#CHROM': 7, 'POS': 117559479, 'ID': 'rs213950', 'REF': 'G', 'ALT': 'A', 'QUAL': '.', 'FILTER': 'PASS', 'INFO': '.'}]","[{'#CHROM': 7, 'POS': 117536684, 'ID': 'rs1800503', 'REF': 'C', 'ALT': 'T', 'QUAL': '.', 'FILTER': 'PASS', 'INFO': '.'}, {'#CHROM': 7, 'POS': 117548606, 'ID': 'rs528823432;rs528823432;rs4646205', 'REF': 'ATG', 'ALT': 'ATGTG,ATGTGTG,A', 'QUAL': '.', 'FILTER': 'PASS', 'INFO': '.'}, {'#CHROM': 7, 'POS': 117559479, 'ID': 'rs213950', 'REF': 'G', 'ALT': 'A', 'QUAL': '.', 'FILTER': 'PASS', 'INFO': '.'}, {'#CHROM': 7, 'POS': 117559590, 'ID': 'rs199826652', 'REF': 'ATCT', 'ALT': 'A', 'QUAL': '.', 'FILTER': 'PASS', 'INFO': '.'}]","[None, None, 'V470M']","[None, None, 'V470M', None]"
GS_AR18Q10031_V4.pjt,"[{'#CHROM': 7, 'POS': 117548606, 'ID': 'rs528823432;rs528823432;rs4646205', 'REF': 'ATG', 'ALT': 'ATGTG,ATGTGTG,A', 'QUAL': '.', 'FILTER': 'PASS', 'INFO': '.'}]","[{'#CHROM': 7, 'POS': 117548606, 'ID': 'rs528823432;rs528823432;rs4646205', 'REF': 'ATG', 'ALT': 'ATGTG,ATGTGTG,A', 'QUAL': '.', 'FILTER': 'PASS', 'INFO': '.'}]",[None],[None]
GS_AR18Q10041_V4.pjt,"[{'#CHROM': 7, 'POS': 117548606, 'ID': 'rs528823432;rs528823432;rs4646205', 'REF': 'ATG', 'ALT': 'ATGTG,ATGTGTG,A', 'QUAL': '.', 'FILTER': 'PASS', 'INFO': '.'}, {'#CHROM': 7, 'POS': 117559479, 'ID': 'rs213950', 'REF': 'G', 'ALT': 'A', 'QUAL': '.', 'FILTER': 'PASS', 'INFO': '.'}]","[{'#CHROM': 7, 'POS': 117509093, 'ID': 'rs1800076', 'REF': 'G', 'ALT': 'A', 'QUAL': '.', 'FILTER': 'PASS', 'INFO': '.'}, {'#CHROM': 7, 'POS': 117536684, 'ID': 'rs1800503', 'REF': 'C', 'ALT': 'T', 'QUAL': '.', 'FILTER': 'PASS', 'INFO': '.'}, {'#CHROM': 7, 'POS': 117548606, 'ID': 'rs528823432;rs528823432;rs4646205', 'REF': 'ATG', 'ALT': 'ATGTG,ATGTGTG,A', 'QUAL': '.', 'FILTER': 'PASS', 'INFO': '.'}]","[None, 'V470M']","['R75Q', None, None]"
GS_AR18Q10046_V4.pjt,"[{'#CHROM': 7, 'POS': 117548606, 'ID': 'rs528823432;rs528823432;rs4646205', 'REF': 'ATG', 'ALT': 'ATGTG,ATGTGTG,A', 'QUAL': '.', 'FILTER': 'PASS', 'INFO': '.'}]","[{'#CHROM': 7, 'POS': 117536684, 'ID': 'rs1800503', 'REF': 'C', 'ALT': 'T', 'QUAL': '.', 'FILTER': 'PASS', 'INFO': '.'}, {'#CHROM': 7, 'POS': 117540188, 'ID': 'rs144476686', 'REF': 'T', 'ALT': 'G', 'QUAL': '.', 'FILTER': 'PASS', 'INFO': '.'}, {'#CHROM': 7, 'POS': 117548606, 'ID': 'rs528823432;rs528823432;rs4646205', 'REF': 'ATG', 'ALT': 'ATGTG,ATGTGTG,A', 'QUAL': '.', 'FILTER': 'PASS', 'INFO': '.'}, {'#CHROM': 7, 'POS': 117559479, 'ID': 'rs213950', 'REF': 'G', 'ALT': 'A', 'QUAL': '.', 'FILTER': 'PASS', 'INFO': '.'}]",[None],"[None, 'L320V', None, 'V470M']"
GS_AR18Q10047_V4.pjt,"[{'#CHROM': 7, 'POS': 117548606, 'ID': 'rs528823432;rs528823432;rs4646205', 'REF': 'ATG', 'ALT': 'ATGTG,ATGTGTG,A', 'QUAL': '.', 'FILTER': 'PASS', 'INFO': '.'}]","[{'#CHROM': 7, 'POS': 117548606, 'ID': 'rs528823432;rs528823432;rs4646205', 'REF': 'ATG', 'ALT': 'ATGTG,ATGTGTG,A', 'QUAL': '.', 'FILTER': 'PASS', 'INFO': '.'}]",[None],[None]
GS_AR18Q10062_V4.pjt,"[{'#CHROM': 7, 'POS': 117548606, 'ID': 'rs528823432;rs528823432;rs4646205', 'REF': 'ATG', 'ALT': 'ATGTG,ATGTGTG,A', 'QUAL': '.', 'FILTER': 'PASS', 'INFO': '.'}]","[{'#CHROM': 7, 'POS': 117548606, 'ID': 'rs528823432;rs528823432;rs4646205', 'REF': 'ATG', 'ALT': 'ATGTG,ATGTGTG,A', 'QUAL': '.', 'FILTER': 'PASS', 'INFO': '.'}]",[None],[None]
GS_AR18Q10064_V4.pjt,"[{'#CHROM': 7, 'POS': 117535451, 'ID': 'rs1800502', 'REF': 'A', 'ALT': 'G', 'QUAL': '.', 'FILTER': 'PASS', 'INFO': '.'}, {'#CHROM': 7, 'POS': 117548606, 'ID': 'rs528823432;rs528823432;rs4646205', 'REF': 'ATG', 'ALT': 'ATGTG,ATGTGTG,A', 'QUAL': '.', 'FILTER': 'PASS', 'INFO': '.'}, {'#CHROM': 7, 'POS': 117559479, 'ID': 'rs213950', 'REF': 'G', 'ALT': 'A', 'QUAL': '.', 'FILTER': 'PASS', 'INFO': '.'}, {'#CHROM': 7, 'POS': 117595001, 'ID': 'rs1042077', 'REF': 'T', 'ALT': 'G', 'QUAL': '.', 'FILTER': 'PASS', 'INFO': '.'}, {'#CHROM': 7, 'POS': 117595142, 'ID': 'rs4148712', 'REF': 'CAT', 'ALT': 'C', 'QUAL': '.', 'FILTER': 'PASS', 'INFO': '.'}, {'#CHROM': 7, 'POS': 117606582, 'ID': 'rs35050470', 'REF': 'G', 'ALT': 'A', 'QUAL': '.', 'FILTER': 'PASS', 'INFO': '.'}, {'#CHROM': 7, 'POS': 117667054, 'ID': 'rs1800136', 'REF': 'G', 'ALT': 'A', 'QUAL': '.', 'FILTER': 'PASS', 'INFO': '.'}]","[{'#CHROM': 7, 'POS': 117548606, 'ID': 'rs528823432;rs528823432;rs4646205', 'REF': 'ATG', 'ALT': 'ATGTG,ATGTGTG,A', 'QUAL': '.', 'FILTER': 'PASS', 'INFO': '.'}, {'#CHROM': 7, 'POS': 117548630, 'ID': 'rs73715573;rs551227135', 'REF': 'T', 'ALT': 'G,TG', 'QUAL': '.', 'FILTER': 'PASS', 'INFO': '.'}]","[None, None, 'V470M', 'T854=', None, None, 'Q1463=']","[None, None]"
GS_AR18Q10066_V4.pjt,"[{'#CHROM': 7, 'POS': 117548606, 'ID': 'rs528823432;rs528823432;rs4646205', 'REF': 'ATG', 'ALT': 'ATGTG,ATGTGTG,A', 'QUAL': '.', 'FILTER': 'PASS', 'INFO': '.'}]","[{'#CHROM': 7, 'POS': 117548606, 'ID': 'rs528823432;rs528823432;rs4646205', 'REF': 'ATG', 'ALT': 'ATGTG,ATGTGTG,A', 'QUAL': '.', 'FILTER': 'PASS', 'INFO': '.'}, {'#CHROM': 7, 'POS': 117559479, 'ID': 'rs213950', 'REF': 'G', 'ALT': 'A', 'QUAL': '.', 'FILTER': 'PASS', 'INFO': '.'}, {'#CHROM': 7, 'POS': 117559655, 'ID': 'rs1800095', 'REF': 'G', 'ALT': 'A', 'QUAL': '.', 'FILTER': 'PASS', 'INFO': '.'}, {'#CHROM': 7, 'POS': 117595001, 'ID': 'rs1042077', 'REF': 'T', 'ALT': 'G', 'QUAL': '.', 'FILTER': 'PASS', 'INFO': '.'}, {'#CHROM': 7, 'POS': 117595142, 'ID': 'rs4148712', 'REF': 'CAT', 'ALT': 'C', 'QUAL': '.', 'FILTER': 'PASS', 'INFO': '.'}, {'#CHROM': 7, 'POS': 117606582, 'ID': 'rs35050470', 'REF': 'G', 'ALT': 'A', 'QUAL': '.', 'FILTER': 'PASS', 'INFO': '.'}, {'#CHROM': 7, 'POS': 117667054, 'ID': 'rs1800136', 'REF': 'G', 'ALT': 'A', 'QUAL': '.', 'FILTER': 'PASS', 'INFO': '.'}]",[None],"[None, 'V470M', 'E528=', 'T854=', None, None, 'Q1463=']"
GS_Ar18q10067_V4.pjt,"[{'#CHROM': 7, 'POS': 117548606, 'ID': 'rs528823432;rs528823432;rs4646205', 'REF': 'ATG', 'ALT': 'ATGTG,ATGTGTG,A', 'QUAL': '.', 'FILTER': 'PASS', 'INFO': '.'}, {'#CHROM': 7, 'POS': 117559479, 'ID': 'rs213950', 'REF': 'G', 'ALT': 'A', 'QUAL': '.', 'FILTER': 'PASS', 'INFO': '.'}, {'#CHROM': 7, 'POS': 117595001, 'ID': 'rs1042077', 'REF': 'T', 'ALT': 'G', 'QUAL': '.', 'FILTER': 'PASS', 'INFO': '.'}, {'#CHROM': 7, 'POS': 117595142, 'ID': 'rs4148712', 'REF': 'CAT', 'ALT': 'C', 'QUAL': '.', 'FILTER': 'PASS', 'INFO': '.'}, {'#CHROM': 7, 'POS': 117606582, 'ID': 'rs35050470', 'REF': 'G', 'ALT': 'A', 'QUAL': '.', 'FILTER': 'PASS', 'INFO': '.'}, {'#CHROM': 7, 'POS': 117611646, 'ID': 'rs200321110', 'REF': 'G', 'ALT': 'A', 'QUAL': '.', 'FILTER': 'PASS', 'INFO': '.'}, {'#CHROM': 7, 'POS': 117667054, 'ID': 'rs1800136', 'REF': 'G', 'ALT': 'A', 'QUAL': '.', 'FILTER': 'PASS', 'INFO': '.'}]","[{'#CHROM': 7, 'POS': 117548606, 'ID': 'rs528823432;rs528823432;rs4646205', 'REF': 'ATG', 'ALT': 'ATGTG,ATGTGTG,A', 'QUAL': '.', 'FILTER': 'PASS', 'INFO': '.'}]","[None, 'V470M', 'T854=', None, None, 'G1069R', 'Q1463=']",[None]
GS_AR18Q10080_V4.pjt,"[{'#CHROM': 7, 'POS': 117535451, 'ID': 'rs1800502', 'REF': 'A', 'ALT': 'G', 'QUAL': '.', 'FILTER': 'PASS', 'INFO': '.'}, {'#CHROM': 7, 'POS': 117548606, 'ID': 'rs528823432;rs528823432;rs4646205', 'REF': 'ATG', 'ALT': 'ATGTG,ATGTGTG,A', 'QUAL': '.', 'FILTER': 'PASS', 'INFO': '.'}, {'#CHROM': 7, 'POS': 117559479, 'ID': 'rs213950', 'REF': 'G', 'ALT': 'A', 'QUAL': '.', 'FILTER': 'PASS', 'INFO': '.'}, {'#CHROM': 7, 'POS': 117595001, 'ID': 'rs1042077', 'REF': 'T', 'ALT': 'G', 'QUAL': '.', 'FILTER': 'PASS', 'INFO': '.'}, {'#CHROM': 7, 'POS': 117595142, 'ID': 'rs4148712', 'REF': 'CAT', 'ALT': 'C', 'QUAL': '.', 'FILTER': 'PASS', 'INFO': '.'}, {'#CHROM': 7, 'POS': 117606582, 'ID': 'rs35050470', 'REF': 'G', 'ALT': 'A', 'QUAL': '.', 'FILTER': 'PASS', 'INFO': '.'}, {'#CHROM': 7, 'POS': 117667054, 'ID': 'rs1800136', 'REF': 'G', 'ALT': 'A', 'QUAL': '.', 'FILTER': 'PASS', 'INFO': '.'}]","[{'#CHROM': 7, 'POS': 117548606, 'ID': 'rs528823432;rs528823432;rs4646205', 'REF': 'ATG', 'ALT': 'ATGTG,ATGTGTG,A', 'QUAL': '.', 'FILTER': 'PASS', 'INFO': '.'}]","[None, None, 'V470M', 'T854=', None, None, 'Q1463=']",[None]
GS_Ar18q10093_V4.pjt,"[{'#CHROM': 7, 'POS': 117548606, 'ID': 'rs528823432;rs528823432;rs4646205', 'REF': 'ATG', 'ALT': 'ATGTG,ATGTGTG,A', 'QUAL': '.', 'FILTER': 'PASS', 'INFO': '.'}]","[{'#CHROM': 7, 'POS': 117548606, 'ID': 'rs528823432;rs528823432;rs4646205', 'REF': 'ATG', 'ALT': 'ATGTG,ATGTGTG,A', 'QUAL': '.', 'FILTER': 'PASS', 'INFO': '.'}]",[None],[None]
GS_TH160411_V4.pjt,"[{'#CHROM': 7, 'POS': 117548606, 'ID': 'rs528823432;rs528823432;rs4646205', 'REF': 'ATG', 'ALT': 'ATGTG,ATGTGTG,A', 'QUAL': '.', 'FILTER': 'PASS', 'INFO': '.'}]","[{'#CHROM': 7, 'POS': 117548606, 'ID': 'rs528823432;rs528823432;rs4646205', 'REF': 'ATG', 'ALT': 'ATGTG,ATGTGTG,A', 'QUAL': '.', 'FILTER': 'PASS', 'INFO': '.'}, {'#CHROM': 7, 'POS': 117559479, 'ID': 'rs213950', 'REF': 'G', 'ALT': 'A', 'QUAL': '.', 'FILTER': 'PASS', 'INFO': '.'}, {'#CHROM': 7, 'POS': 117595001, 'ID': 'rs1042077', 'REF': 'T', 'ALT': 'G', 'QUAL': '.', 'FILTER': 'PASS', 'INFO': '.'}, {'#CHROM': 7, 'POS': 117595142, 'ID': 'rs4148712', 'REF': 'CAT', 'ALT': 'C', 'QUAL': '.', 'FILTER': 'PASS', 'INFO': '.'}, {'#CHROM': 7, 'POS': 117606582, 'ID': 'rs35050470', 'REF': 'G', 'ALT': 'A', 'QUAL': '.', 'FILTER': 'PASS', 'INFO': '.'}, {'#CHROM': 7, 'POS': 117667054, 'ID': 'rs1800136', 'REF': 'G', 'ALT': 'A', 'QUAL': '.', 'FILTER': 'PASS', 'INFO': '.'}]",[None],"[None, 'V470M', 'T854=', None, None, 'Q1463=']"
GS_TH160686_V4.pjt,"[{'#CHROM': 7, 'POS': 117548606, 'ID': 'rs528823432;rs528823432;rs4646205', 'REF': 'ATG', 'ALT': 'ATGTG,ATGTGTG,A', 'QUAL': '.', 'FILTER': 'PASS', 'INFO': '.'}, {'#CHROM': 7, 'POS': 117610521, 'ID': 'rs1800111', 'REF': 'G', 'ALT': 'C', 'QUAL': '.', 'FILTER': 'PASS', 'INFO': '.'}]","[{'#CHROM': 7, 'POS': 117548606, 'ID': 'rs528823432;rs528823432;rs4646205', 'REF': 'ATG', 'ALT': 'ATGTG,ATGTGTG,A', 'QUAL': '.', 'FILTER': 'PASS', 'INFO': '.'}]","[None, 'L997F']",[None]
GS_TH160691_V4.pjt,"[{'#CHROM': 7, 'POS': 117509093, 'ID': 'rs1800076', 'REF': 'G', 'ALT': 'A', 'QUAL': '.', 'FILTER': 'PASS', 'INFO': '.'}, {'#CHROM': 7, 'POS': 117536684, 'ID': 'rs1800503', 'REF': 'C', 'ALT': 'T', 'QUAL': '.', 'FILTER': 'PASS', 'INFO': '.'}, {'#CHROM': 7, 'POS': 117548606, 'ID': 'rs528823432;rs528823432;rs4646205', 'REF': 'ATG', 'ALT': 'ATGTG,ATGTGTG,A', 'QUAL': '.', 'FILTER': 'PASS', 'INFO': '.'}]","[{'#CHROM': 7, 'POS': 117548606, 'ID': 'rs528823432;rs528823432;rs4646205', 'REF': 'ATG', 'ALT': 'ATGTG,ATGTGTG,A', 'QUAL': '.', 'FILTER': 'PASS', 'INFO': '.'}, {'#CHROM': 7, 'POS': 117559479, 'ID': 'rs213950', 'REF': 'G', 'ALT': 'A', 'QUAL': '.', 'FILTER': 'PASS', 'INFO': '.'}, {'#CHROM': 7, 'POS': 117606582, 'ID': 'rs35050470', 'REF': 'G', 'ALT': 'A', 'QUAL': '.', 'FILTER': 'PASS', 'INFO': '.'}, {'#CHROM': 7, 'POS': 117667054, 'ID': 'rs1800136', 'REF': 'G', 'ALT': 'A', 'QUAL': '.', 'FILTER': 'PASS', 'INFO': '.'}]","['R75Q', None, None]","[None, 'V470M', None, 'Q1463=']"
GS_TH160694_V4.pjt,"[{'#CHROM': 7, 'POS': 117536684, 'ID': 'rs1800503', 'REF': 'C', 'ALT': 'T', 'QUAL': '.', 'FILTER': 'PASS', 'INFO': '.'}, {'#CHROM': 7, 'POS': 117548606, 'ID': 'rs528823432;rs528823432;rs4646205', 'REF': 'ATG', 'ALT': 'ATGTG,ATGTGTG,A', 'QUAL': '.', 'FILTER': 'PASS', 'INFO': '.'}]","[{'#CHROM': 7, 'POS': 117548606, 'ID': 'rs528823432;rs528823432;rs4646205', 'REF': 'ATG', 'ALT': 'ATGTG,ATGTGTG,A', 'QUAL': '.', 'FILTER': 'PASS', 'INFO': '.'}, {'#CHROM': 7, 'POS': 117559479, 'ID': 'rs213950', 'REF': 'G', 'ALT': 'A', 'QUAL': '.', 'FILTER': 'PASS', 'INFO': '.'}, {'#CHROM': 7, 'POS': 117611489, 'ID': 'rs4148717', 'REF': 'T', 'ALT': 'C', 'QUAL': '.', 'FILTER': 'PASS', 'INFO': '.'}, {'#CHROM': 7, 'POS': 117642590, 'ID': 'rs1800130', 'REF': 'A', 'ALT': 'G', 'QUAL': '.', 'FILTER': 'PASS', 'INFO': '.'}, {'#CHROM': 7, 'POS': 117642710, 'ID': 'rs10155917', 'REF': 'T', 'ALT': 'G', 'QUAL': '.', 'FILTER': 'PASS', 'INFO': '.'}, {'#CHROM': 7, 'POS': 117667054, 'ID': 'rs1800136', 'REF': 'G', 'ALT': 'A', 'QUAL': '.', 'FILTER': 'PASS', 'INFO': '.'}]","[None, None]","[None, 'V470M', None, 'P1290=', None, 'Q1463=']"
GY_AR18Q10003_V5.pjt,"[{'#CHROM': 7, 'POS': 117548606, 'ID': 'rs528823432;rs528823432;rs4646205', 'REF': 'ATG', 'ALT': 'ATGTG,ATGTGTG,A', 'QUAL': '.', 'FILTER': 'PASS', 'INFO': '.'}, {'#CHROM': 7, 'POS': 117559479, 'ID': 'rs213950', 'REF': 'G', 'ALT': 'A', 'QUAL': '.', 'FILTER': 'PASS', 'INFO': '.'}]","[{'#CHROM': 7, 'POS': 117536684, 'ID': 'rs1800503', 'REF': 'C', 'ALT': 'T', 'QUAL': '.', 'FILTER': 'PASS', 'INFO': '.'}, {'#CHROM': 7, 'POS': 117548606, 'ID': 'rs528823432;rs528823432;rs4646205', 'REF': 'ATG', 'ALT': 'ATGTG,ATGTGTG,A', 'QUAL': '.', 'FILTER': 'PASS', 'INFO': '.'}]","[None, 'V470M']","[None, None]"
GY_AR18Q10022_V5.pjt,"[{'#CHROM': 7, 'POS': 117664780, 'ID': 'rs113857788', 'REF': 'G', 'ALT': 'C', 'QUAL': '.', 'FILTER': 'PASS', 'INFO': '.'}]","[{'#CHROM': 7, 'POS': 117548606, 'ID': 'rs528823432;rs528823432;rs4646205', 'REF': 'ATG', 'ALT': 'ATGTG,ATGTGTG,A', 'QUAL': '.', 'FILTER': 'PASS', 'INFO': '.'}, {'#CHROM': 7, 'POS': 117559479, 'ID': 'rs213950', 'REF': 'G', 'ALT': 'A', 'QUAL': '.', 'FILTER': 'PASS', 'INFO': '.'}, {'#CHROM': 7, 'POS': 117595001, 'ID': 'rs1042077', 'REF': 'T', 'ALT': 'G', 'QUAL': '.', 'FILTER': 'PASS', 'INFO': '.'}, {'#CHROM': 7, 'POS': 117595142, 'ID': 'rs4148712', 'REF': 'CAT', 'ALT': 'C', 'QUAL': '.', 'FILTER': 'PASS', 'INFO': '.'}, {'#CHROM': 7, 'POS': 117595164, 'ID': 'rs4148713', 'REF': 'T', 'ALT': 'A', 'QUAL': '.', 'FILTER': 'PASS', 'INFO': '.'}]",['Q1352H'],"[None, 'V470M', 'T854=', None, None]"
GY_AR18Q10065_V4.pjt,"[{'#CHROM': 7, 'POS': 117548606, 'ID': 'rs528823432;rs528823432;rs4646205', 'REF': 'ATG', 'ALT': 'ATGTG,ATGTGTG,A', 'QUAL': '.', 'FILTER': 'PASS', 'INFO': '.'}, {'#CHROM': 7, 'POS': 117559479, 'ID': 'rs213950', 'REF': 'G', 'ALT': 'A', 'QUAL': '.', 'FILTER': 'PASS', 'INFO': '.'}, {'#CHROM': 7, 'POS': 117595001, 'ID': 'rs1042077', 'REF': 'T', 'ALT': 'G', 'QUAL': '.', 'FILTER': 'PASS', 'INFO': '.'}, {'#CHROM': 7, 'POS': 117595142, 'ID': 'rs4148712', 'REF': 'CAT', 'ALT': 'C', 'QUAL': '.', 'FILTER': 'PASS', 'INFO': '.'}, {'#CHROM': 7, 'POS': 117606582, 'ID': 'rs35050470', 'REF': 'G', 'ALT': 'A', 'QUAL': '.', 'FILTER': 'PASS', 'INFO': '.'}, {'#CHROM': 7, 'POS': 117667054, 'ID': 'rs1800136', 'REF': 'G', 'ALT': 'A', 'QUAL': '.', 'FILTER': 'PASS', 'INFO': '.'}]","[{'#CHROM': 7, 'POS': 117536684, 'ID': 'rs1800503', 'REF': 'C', 'ALT': 'T', 'QUAL': '.', 'FILTER': 'PASS', 'INFO': '.'}, {'#CHROM': 7, 'POS': 117548606, 'ID': 'rs528823432;rs528823432;rs4646205', 'REF': 'ATG', 'ALT': 'ATGTG,ATGTGTG,A', 'QUAL': '.', 'FILTER': 'PASS', 'INFO': '.'}, {'#CHROM': 7, 'POS': 117559479, 'ID': 'rs213950', 'REF': 'G', 'ALT': 'A', 'QUAL': '.', 'FILTER': 'PASS', 'INFO': '.'}]","[None, 'V470M', 'T854=', None, None, 'Q1463=']","[None, None, 'V470M']"
GY_AR18Q10094_V4.pjt,"[{'#CHROM': 7, 'POS': 117536684, 'ID': 'rs1800503', 'REF': 'C', 'ALT': 'T', 'QUAL': '.', 'FILTER': 'PASS', 'INFO': '.'}, {'#CHROM': 7, 'POS': 117548606, 'ID': 'rs528823432;rs528823432;rs4646205', 'REF': 'ATG', 'ALT': 'ATGTG,ATGTGTG,A', 'QUAL': '.', 'FILTER': 'PASS', 'INFO': '.'}]","[{'#CHROM': 7, 'POS': 117548606, 'ID': 'rs528823432;rs528823432;rs4646205', 'REF': 'ATG', 'ALT': 'ATGTG,ATGTGTG,A', 'QUAL': '.', 'FILTER': 'PASS', 'INFO': '.'}, {'#CHROM': 7, 'POS': 117559479, 'ID': 'rs213950', 'REF': 'G', 'ALT': 'A', 'QUAL': '.', 'FILTER': 'PASS', 'INFO': '.'}, {'#CHROM': 7, 'POS': 117606582, 'ID': 'rs35050470', 'REF': 'G', 'ALT': 'A', 'QUAL': '.', 'FILTER': 'PASS', 'INFO': '.'}, {'#CHROM': 7, 'POS': 117667054, 'ID': 'rs1800136', 'REF': 'G', 'ALT': 'A', 'QUAL': '.', 'FILTER': 'PASS', 'INFO': '.'}]","[None, None]","[None, 'V470M', None, 'Q1463=']"
GY_AR18Q10109_V4.pjt,"[{'#CHROM': 7, 'POS': 117548606, 'ID': 'rs528823432;rs528823432;rs4646205', 'REF': 'ATG', 'ALT': 'ATGTG,ATGTGTG,A', 'QUAL': '.', 'FILTER': 'PASS', 'INFO': '.'}, {'#CHROM': 7, 'POS': 117548630, 'ID': 'rs73715573;rs551227135', 'REF': 'T', 'ALT': 'G,TG', 'QUAL': '.', 'FILTER': 'PASS', 'INFO': '.'}]","[{'#CHROM': 7, 'POS': 117548606, 'ID': 'rs528823432;rs528823432;rs4646205', 'REF': 'ATG', 'ALT': 'ATGTG,ATGTGTG,A', 'QUAL': '.', 'FILTER': 'PASS', 'INFO': '.'}, {'#CHROM': 7, 'POS': 117603609, 'ID': 'rs121909034', 'REF': 'C', 'ALT': 'T', 'QUAL': '.', 'FILTER': 'PASS', 'INFO': '.'}]","[None, None]","[None, 'S912L']"
GY_AR18Q10115_V4.pjt,[],"[{'#CHROM': 7, 'POS': 117548606, 'ID': 'rs528823432;rs528823432;rs4646205', 'REF': 'ATG', 'ALT': 'ATGTG,ATGTGTG,A', 'QUAL': '.', 'FILTER': 'PASS', 'INFO': '.'}, {'#CHROM': 7, 'POS': 117559479, 'ID': 'rs213950', 'REF': 'G', 'ALT': 'A', 'QUAL': '.', 'FILTER': 'PASS', 'INFO': '.'}, {'#CHROM': 7, 'POS': 117595001, 'ID': 'rs1042077', 'REF': 'T', 'ALT': 'G', 'QUAL': '.', 'FILTER': 'PASS', 'INFO': '.'}, {'#CHROM': 7, 'POS': 117595142, 'ID': 'rs4148712', 'REF': 'CAT', 'ALT': 'C', 'QUAL': '.', 'FILTER': 'PASS', 'INFO': '.'}, {'#CHROM': 7, 'POS': 117595164, 'ID': 'rs4148713', 'REF': 'T', 'ALT': 'A', 'QUAL': '.', 'FILTER': 'PASS', 'INFO': '.'}, {'#CHROM': 7, 'POS': 117627758, 'ID': 'rs34911792', 'REF': 'T', 'ALT': 'G', 'QUAL': '.', 'FILTER': 'PASS', 'INFO': '.'}]",[],"[None, 'V470M', 'T854=', None, None, 'S1235R']"
GY_AR18Q10117_V4.pjt,"[{'#CHROM': 7, 'POS': 117548606, 'ID': 'rs528823432;rs528823432;rs4646205', 'REF': 'ATG', 'ALT': 'ATGTG,ATGTGTG,A', 'QUAL': '.', 'FILTER': 'PASS', 'INFO': '.'}]","[{'#CHROM': 7, 'POS': 117548606, 'ID': 'rs528823432;rs528823432;rs4646205', 'REF': 'ATG', 'ALT': 'ATGTG,ATGTGTG,A', 'QUAL': '.', 'FILTER': 'PASS', 'INFO': '.'}, {'#CHROM': 7, 'POS': 117559479, 'ID': 'rs213950', 'REF': 'G', 'ALT': 'A', 'QUAL': '.', 'FILTER': 'PASS', 'INFO': '.'}, {'#CHROM': 7, 'POS': 117595001, 'ID': 'rs1042077', 'REF': 'T', 'ALT': 'G', 'QUAL': '.', 'FILTER': 'PASS', 'INFO': '.'}, {'#CHROM': 7, 'POS': 117595142, 'ID': 'rs4148712', 'REF': 'CAT', 'ALT': 'C', 'QUAL': '.', 'FILTER': 'PASS', 'INFO': '.'}, {'#CHROM': 7, 'POS': 117606582, 'ID': 'rs35050470', 'REF': 'G', 'ALT': 'A', 'QUAL': '.', 'FILTER': 'PASS', 'INFO': '.'}, {'#CHROM': 7, 'POS': 117667054, 'ID': 'rs1800136', 'REF': 'G', 'ALT': 'A', 'QUAL': '.', 'FILTER': 'PASS', 'INFO': '.'}]",[None],"[None, 'V470M', 'T854=', None, None, 'Q1463=']"
GY_AR18Q40001_V4.pjt,"[{'#CHROM': 7, 'POS': 117548606, 'ID': 'rs528823432;rs528823432;rs4646205', 'REF': 'ATG', 'ALT': 'ATGTG,ATGTGTG,A', 'QUAL': '.', 'FILTER': 'PASS', 'INFO': '.'}]","[{'#CHROM': 7, 'POS': 117548606, 'ID': 'rs528823432;rs528823432;rs4646205', 'REF': 'ATG', 'ALT': 'ATGTG,ATGTGTG,A', 'QUAL': '.', 'FILTER': 'PASS', 'INFO': '.'}, {'#CHROM': 7, 'POS': 117559479, 'ID': 'rs213950', 'REF': 'G', 'ALT': 'A', 'QUAL': '.', 'FILTER': 'PASS', 'INFO': '.'}, {'#CHROM': 7, 'POS': 117559655, 'ID': 'rs1800095', 'REF': 'G', 'ALT': 'A', 'QUAL': '.', 'FILTER': 'PASS', 'INFO': '.'}, {'#CHROM': 7, 'POS': 117595001, 'ID': 'rs1042077', 'REF': 'T', 'ALT': 'G', 'QUAL': '.', 'FILTER': 'PASS', 'INFO': '.'}, {'#CHROM': 7, 'POS': 117595142, 'ID': 'rs4148712', 'REF': 'CAT', 'ALT': 'C', 'QUAL': '.', 'FILTER': 'PASS', 'INFO': '.'}, {'#CHROM': 7, 'POS': 117606582, 'ID': 'rs35050470', 'REF': 'G', 'ALT': 'A', 'QUAL': '.', 'FILTER': 'PASS', 'INFO': '.'}, {'#CHROM': 7, 'POS': 117667054, 'ID': 'rs1800136', 'REF': 'G', 'ALT': 'A', 'QUAL': '.', 'FILTER': 'PASS', 'INFO': '.'}]",[None],"[None, 'V470M', 'E528=', 'T854=', None, None, 'Q1463=']"
GY_AR18Q40016_V5.pjt,"[{'#CHROM': 7, 'POS': 117535451, 'ID': 'rs1800502', 'REF': 'A', 'ALT': 'G', 'QUAL': '.', 'FILTER': 'PASS', 'INFO': '.'}, {'#CHROM': 7, 'POS': 117548606, 'ID': 'rs528823432;rs528823432;rs4646205', 'REF': 'ATG', 'ALT': 'ATGTG,ATGTGTG,A', 'QUAL': '.', 'FILTER': 'PASS', 'INFO': '.'}, {'#CHROM': 7, 'POS': 117559479, 'ID': 'rs213950', 'REF': 'G', 'ALT': 'A', 'QUAL': '.', 'FILTER': 'PASS', 'INFO': '.'}, {'#CHROM': 7, 'POS': 117595001, 'ID': 'rs1042077', 'REF': 'T', 'ALT': 'G', 'QUAL': '.', 'FILTER': 'PASS', 'INFO': '.'}, {'#CHROM': 7, 'POS': 117595142, 'ID': 'rs4148712', 'REF': 'CAT', 'ALT': 'C', 'QUAL': '.', 'FILTER': 'PASS', 'INFO': '.'}, {'#CHROM': 7, 'POS': 117606582, 'ID': 'rs35050470', 'REF': 'G', 'ALT': 'A', 'QUAL': '.', 'FILTER': 'PASS', 'INFO': '.'}, {'#CHROM': 7, 'POS': 117667054, 'ID': 'rs1800136', 'REF': 'G', 'ALT': 'A', 'QUAL': '.', 'FILTER': 'PASS', 'INFO': '.'}]","[{'#CHROM': 7, 'POS': 117559479, 'ID': 'rs213950', 'REF': 'G', 'ALT': 'A', 'QUAL': '.', 'FILTER': 'PASS', 'INFO': '.'}, {'#CHROM': 7, 'POS': 117595001, 'ID': 'rs1042077', 'REF': 'T', 'ALT': 'G', 'QUAL': '.', 'FILTER': 'PASS', 'INFO': '.'}, {'#CHROM': 7, 'POS': 117595142, 'ID': 'rs4148712', 'REF': 'CAT', 'ALT': 'C', 'QUAL': '.', 'FILTER': 'PASS', 'INFO': '.'}, {'#CHROM': 7, 'POS': 117595164, 'ID': 'rs4148713', 'REF': 'T', 'ALT': 'A', 'QUAL': '.', 'FILTER': 'PASS', 'INFO': '.'}]","[None, None, 'V470M', 'T854=', None, None, 'Q1463=']","['V470M', 'T854=', None, None]"
GY_AR18Q40027_V5.pjt,"[{'#CHROM': 7, 'POS': 117548606, 'ID': 'rs528823432;rs528823432;rs4646205', 'REF': 'ATG', 'ALT': 'ATGTG,ATGTGTG,A', 'QUAL': '.', 'FILTER': 'PASS', 'INFO': '.'}]","[{'#CHROM': 7, 'POS': 117548606, 'ID': 'rs528823432;rs528823432;rs4646205', 'REF': 'ATG', 'ALT': 'ATGTG,ATGTGTG,A', 'QUAL': '.', 'FILTER': 'PASS', 'INFO': '.'}]",[None],[None]
GY_AR18Q40037_V5_Copy1.pjt,"[{'#CHROM': 7, 'POS': 117548606, 'ID': 'rs528823432;rs528823432;rs4646205', 'REF': 'ATG', 'ALT': 'ATGTG,ATGTGTG,A', 'QUAL': '.', 'FILTER': 'PASS', 'INFO': '.'}, {'#CHROM': 7, 'POS': 117559479, 'ID': 'rs213950', 'REF': 'G', 'ALT': 'A', 'QUAL': '.', 'FILTER': 'PASS', 'INFO': '.'}, {'#CHROM': 7, 'POS': 117590229, 'ID': 'rs17140229', 'REF': 'T', 'ALT': 'C', 'QUAL': '.', 'FILTER': 'PASS', 'INFO': '.'}, {'#CHROM': 7, 'POS': 117595001, 'ID': 'rs1042077', 'REF': 'T', 'ALT': 'G', 'QUAL': '.', 'FILTER': 'PASS', 'INFO': '.'}, {'#CHROM': 7, 'POS': 117595142, 'ID': 'rs4148712', 'REF': 'CAT', 'ALT': 'C', 'QUAL': '.', 'FILTER': 'PASS', 'INFO': '.'}]","[{'#CHROM': 7, 'POS': 117548606, 'ID': 'rs528823432;rs528823432;rs4646205', 'REF': 'ATG', 'ALT': 'ATGTG,ATGTGTG,A', 'QUAL': '.', 'FILTER': 'PASS', 'INFO': '.'}, {'#CHROM': 7, 'POS': 117559479, 'ID': 'rs213950', 'REF': 'G', 'ALT': 'A', 'QUAL': '.', 'FILTER': 'PASS', 'INFO': '.'}, {'#CHROM': 7, 'POS': 117590229, 'ID': 'rs17140229', 'REF': 'T', 'ALT': 'C', 'QUAL': '.', 'FILTER': 'PASS', 'INFO': '.'}, {'#CHROM': 7, 'POS': 117595001, 'ID': 'rs1042077', 'REF': 'T', 'ALT': 'G', 'QUAL': '.', 'FILTER': 'PASS', 'INFO': '.'}, {'#CHROM': 7, 'POS': 117595142, 'ID': 'rs4148712', 'REF': 'CAT', 'ALT': 'C', 'QUAL': '.', 'FILTER': 'PASS', 'INFO': '.'}, {'#CHROM': 7, 'POS': 117611489, 'ID': 'rs4148717', 'REF': 'T', 'ALT': 'C', 'QUAL': '.', 'FILTER': 'PASS', 'INFO': '.'}]","[None, 'V470M', None, 'T854=', None]","[None, 'V470M', None, 'T854=', None, None]"
GY_AR18Q40054_V5.pjt,"[{'#CHROM': 7, 'POS': 117548606, 'ID': 'rs528823432;rs528823432;rs4646205', 'REF': 'ATG', 'ALT': 'ATGTG,ATGTGTG,A', 'QUAL': '.', 'FILTER': 'PASS', 'INFO': '.'}]","[{'#CHROM': 7, 'POS': 117504290, 'ID': 'rs1800073', 'REF': 'C', 'ALT': 'T', 'QUAL': '.', 'FILTER': 'PASS', 'INFO': '.'}, {'#CHROM': 7, 'POS': 117548606, 'ID': 'rs528823432;rs528823432;rs4646205', 'REF': 'ATG', 'ALT': 'ATGTG,ATGTGTG,A', 'QUAL': '.', 'FILTER': 'PASS', 'INFO': '.'}, {'#CHROM': 7, 'POS': 117559479, 'ID': 'rs213950', 'REF': 'G', 'ALT': 'A', 'QUAL': '.', 'FILTER': 'PASS', 'INFO': '.'}, {'#CHROM': 7, 'POS': 117591798, 'ID': 'rs11978434', 'REF': 'T', 'ALT': 'C', 'QUAL': '.', 'FILTER': 'PASS', 'INFO': '.'}, {'#CHROM': 7, 'POS': 117595001, 'ID': 'rs1042077', 'REF': 'T', 'ALT': 'G', 'QUAL': '.', 'FILTER': 'PASS', 'INFO': '.'}, {'#CHROM': 7, 'POS': 117595142, 'ID': 'rs4148712', 'REF': 'CAT', 'ALT': 'C', 'QUAL': '.', 'FILTER': 'PASS', 'INFO': '.'}]",[None],"['R31C', None, 'V470M', None, 'T854=', None]"
GY_AR19Q10006_V5.pjt,"[{'#CHROM': 7, 'POS': 117535451, 'ID': 'rs1800502', 'REF': 'A', 'ALT': 'G', 'QUAL': '.', 'FILTER': 'PASS', 'INFO': '.'}, {'#CHROM': 7, 'POS': 117548606, 'ID': 'rs528823432;rs528823432;rs4646205', 'REF': 'ATG', 'ALT': 'ATGTG,ATGTGTG,A', 'QUAL': '.', 'FILTER': 'PASS', 'INFO': '.'}, {'#CHROM': 7, 'POS': 117559479, 'ID': 'rs213950', 'REF': 'G', 'ALT': 'A', 'QUAL': '.', 'FILTER': 'PASS', 'INFO': '.'}, {'#CHROM': 7, 'POS': 117595001, 'ID': 'rs1042077', 'REF': 'T', 'ALT': 'G', 'QUAL': '.', 'FILTER': 'PASS', 'INFO': '.'}, {'#CHROM': 7, 'POS': 117595142, 'ID': 'rs4148712', 'REF': 'CAT', 'ALT': 'C', 'QUAL': '.', 'FILTER': 'PASS', 'INFO': '.'}, {'#CHROM': 7, 'POS': 117606582, 'ID': 'rs35050470', 'REF': 'G', 'ALT': 'A', 'QUAL': '.', 'FILTER': 'PASS', 'INFO': '.'}, {'#CHROM': 7, 'POS': 117667054, 'ID': 'rs1800136', 'REF': 'G', 'ALT': 'A', 'QUAL': '.', 'FILTER': 'PASS', 'INFO': '.'}]","[{'#CHROM': 7, 'POS': 117548606, 'ID': 'rs528823432;rs528823432;rs4646205', 'REF': 'ATG', 'ALT': 'ATGTG,ATGTGTG,A', 'QUAL': '.', 'FILTER': 'PASS', 'INFO': '.'}]","[None, None, 'V470M', 'T854=', None, None, 'Q1463=']",[None]
GY_AR19Q10016_V5.pjt,"[{'#CHROM': 7, 'POS': 117548606, 'ID': 'rs528823432;rs528823432;rs4646205', 'REF': 'ATG', 'ALT': 'ATGTG,ATGTGTG,A', 'QUAL': '.', 'FILTER': 'PASS', 'INFO': '.'}]","[{'#CHROM': 7, 'POS': 117548606, 'ID': 'rs528823432;rs528823432;rs4646205', 'REF': 'ATG', 'ALT': 'ATGTG,ATGTGTG,A', 'QUAL': '.', 'FILTER': 'PASS', 'INFO': '.'}]",[None],[None]
GY_AR19Q10022_V5.pjt,"[{'#CHROM': 7, 'POS': 117548606, 'ID': 'rs528823432;rs528823432;rs4646205', 'REF': 'ATG', 'ALT': 'ATGTG,ATGTGTG,A', 'QUAL': '.', 'FILTER': 'PASS', 'INFO': '.'}]","[{'#CHROM': 7, 'POS': 117548606, 'ID': 'rs528823432;rs528823432;rs4646205', 'REF': 'ATG', 'ALT': 'ATGTG,ATGTGTG,A', 'QUAL': '.', 'FILTER': 'PASS', 'INFO': '.'}]",[None],[None]
GY_AR19Q10031_V5.pjt,"[{'#CHROM': 7, 'POS': 117548606, 'ID': 'rs528823432;rs528823432;rs4646205', 'REF': 'ATG', 'ALT': 'ATGTG,ATGTGTG,A', 'QUAL': '.', 'FILTER': 'PASS', 'INFO': '.'}]","[{'#CHROM': 7, 'POS': 117548606, 'ID': 'rs528823432;rs528823432;rs4646205', 'REF': 'ATG', 'ALT': 'ATGTG,ATGTGTG,A', 'QUAL': '.', 'FILTER': 'PASS', 'INFO': '.'}]",[None],[None]
GY_AR19Q10052_V5.pjt,"[{'#CHROM': 7, 'POS': 117548606, 'ID': 'rs528823432;rs528823432;rs4646205', 'REF': 'ATG', 'ALT': 'ATGTG,ATGTGTG,A', 'QUAL': '.', 'FILTER': 'PASS', 'INFO': '.'}, {'#CHROM': 7, 'POS': 117559479, 'ID': 'rs213950', 'REF': 'G', 'ALT': 'A', 'QUAL': '.', 'FILTER': 'PASS', 'INFO': '.'}, {'#CHROM': 7, 'POS': 117595001, 'ID': 'rs1042077', 'REF': 'T', 'ALT': 'G', 'QUAL': '.', 'FILTER': 'PASS', 'INFO': '.'}, {'#CHROM': 7, 'POS': 117595142, 'ID': 'rs4148712', 'REF': 'CAT', 'ALT': 'C', 'QUAL': '.', 'FILTER': 'PASS', 'INFO': '.'}, {'#CHROM': 7, 'POS': 117595164, 'ID': 'rs4148713', 'REF': 'T', 'ALT': 'A', 'QUAL': '.', 'FILTER': 'PASS', 'INFO': '.'}, {'#CHROM': 7, 'POS': 117639815, 'ID': 'rs77685067', 'REF': 'A', 'ALT': 'C', 'QUAL': '.', 'FILTER': 'PASS', 'INFO': '.'}]",[],"[None, 'V470M', 'T854=', None, None, None]",[]
GY_AR19Q10061_V5.pjt,"[{'#CHROM': 7, 'POS': 117548606, 'ID': 'rs528823432;rs528823432;rs4646205', 'REF': 'ATG', 'ALT': 'ATGTG,ATGTGTG,A', 'QUAL': '.', 'FILTER': 'PASS', 'INFO': '.'}]","[{'#CHROM': 7, 'POS': 117548606, 'ID': 'rs528823432;rs528823432;rs4646205', 'REF': 'ATG', 'ALT': 'ATGTG,ATGTGTG,A', 'QUAL': '.', 'FILTER': 'PASS', 'INFO': '.'}]",[None],[None]
GY_AR19Q10068_V5.pjt,"[{'#CHROM': 7, 'POS': 117509093, 'ID': 'rs1800076', 'REF': 'G', 'ALT': 'A', 'QUAL': '.', 'FILTER': 'PASS', 'INFO': '.'}, {'#CHROM': 7, 'POS': 117548606, 'ID': 'rs528823432;rs528823432;rs4646205', 'REF': 'ATG', 'ALT': 'ATGTG,ATGTGTG,A', 'QUAL': '.', 'FILTER': 'PASS', 'INFO': '.'}]","[{'#CHROM': 7, 'POS': 117535451, 'ID': 'rs1800502', 'REF': 'A', 'ALT': 'G', 'QUAL': '.', 'FILTER': 'PASS', 'INFO': '.'}, {'#CHROM': 7, 'POS': 117548606, 'ID': 'rs528823432;rs528823432;rs4646205', 'REF': 'ATG', 'ALT': 'ATGTG,ATGTGTG,A', 'QUAL': '.', 'FILTER': 'PASS', 'INFO': '.'}, {'#CHROM': 7, 'POS': 117559479, 'ID': 'rs213950', 'REF': 'G', 'ALT': 'A', 'QUAL': '.', 'FILTER': 'PASS', 'INFO': '.'}, {'#CHROM': 7, 'POS': 117591798, 'ID': 'rs11978434', 'REF': 'T', 'ALT': 'C', 'QUAL': '.', 'FILTER': 'PASS', 'INFO': '.'}, {'#CHROM': 7, 'POS': 117595001, 'ID': 'rs1042077', 'REF': 'T', 'ALT': 'G', 'QUAL': '.', 'FILTER': 'PASS', 'INFO': '.'}, {'#CHROM': 7, 'POS': 117595142, 'ID': 'rs4148712', 'REF': 'CAT', 'ALT': 'C', 'QUAL': '.', 'FILTER': 'PASS', 'INFO': '.'}, {'#CHROM': 7, 'POS': 117606582, 'ID': 'rs35050470', 'REF': 'G', 'ALT': 'A', 'QUAL': '.', 'FILTER': 'PASS', 'INFO': '.'}, {'#CHROM': 7, 'POS': 117667054, 'ID': 'rs1800136', 'REF': 'G', 'ALT': 'A', 'QUAL': '.', 'FILTER': 'PASS', 'INFO': '.'}]","['R75Q', None]","[None, None, 'V470M', None, 'T854=', None, None, 'Q1463=']"
GY_AR19Q10072_V5.pjt,"[{'#CHROM': 7, 'POS': 117548606, 'ID': 'rs528823432;rs528823432;rs4646205', 'REF': 'ATG', 'ALT': 'ATGTG,ATGTGTG,A', 'QUAL': '.', 'FILTER': 'PASS', 'INFO': '.'}]","[{'#CHROM': 7, 'POS': 117548606, 'ID': 'rs528823432;rs528823432;rs4646205', 'REF': 'ATG', 'ALT': 'ATGTG,ATGTGTG,A', 'QUAL': '.', 'FILTER': 'PASS', 'INFO': '.'}, {'#CHROM': 7, 'POS': 117559479, 'ID': 'rs213950', 'REF': 'G', 'ALT': 'A', 'QUAL': '.', 'FILTER': 'PASS', 'INFO': '.'}, {'#CHROM': 7, 'POS': 117591798, 'ID': 'rs11978434', 'REF': 'T', 'ALT': 'C', 'QUAL': '.', 'FILTER': 'PASS', 'INFO': '.'}, {'#CHROM': 7, 'POS': 117595001, 'ID': 'rs1042077', 'REF': 'T', 'ALT': 'G', 'QUAL': '.', 'FILTER': 'PASS', 'INFO': '.'}, {'#CHROM': 7, 'POS': 117595142, 'ID': 'rs4148712', 'REF': 'CAT', 'ALT': 'C', 'QUAL': '.', 'FILTER': 'PASS', 'INFO': '.'}, {'#CHROM': 7, 'POS': 117606582, 'ID': 'rs35050470', 'REF': 'G', 'ALT': 'A', 'QUAL': '.', 'FILTER': 'PASS', 'INFO': '.'}, {'#CHROM': 7, 'POS': 117667054, 'ID': 'rs1800136', 'REF': 'G', 'ALT': 'A', 'QUAL': '.', 'FILTER': 'PASS', 'INFO': '.'}]",[None],"[None, 'V470M', None, 'T854=', None, None, 'Q1463=']"
GY_AR19Q10081_V5.pjt,"[{'#CHROM': 7, 'POS': 117548606, 'ID': 'rs528823432;rs528823432;rs4646205', 'REF': 'ATG', 'ALT': 'ATGTG,ATGTGTG,A', 'QUAL': '.', 'FILTER': 'PASS', 'INFO': '.'}]","[{'#CHROM': 7, 'POS': 117548606, 'ID': 'rs528823432;rs528823432;rs4646205', 'REF': 'ATG', 'ALT': 'ATGTG,ATGTGTG,A', 'QUAL': '.', 'FILTER': 'PASS', 'INFO': '.'}]",[None],[None]
GY_AR19Q10082_V5.pjt,"[{'#CHROM': 7, 'POS': 117536684, 'ID': 'rs1800503', 'REF': 'C', 'ALT': 'T', 'QUAL': '.', 'FILTER': 'PASS', 'INFO': '.'}, {'#CHROM': 7, 'POS': 117548606, 'ID': 'rs528823432;rs528823432;rs4646205', 'REF': 'ATG', 'ALT': 'ATGTG,ATGTGTG,A', 'QUAL': '.', 'FILTER': 'PASS', 'INFO': '.'}]","[{'#CHROM': 7, 'POS': 117548606, 'ID': 'rs528823432;rs528823432;rs4646205', 'REF': 'ATG', 'ALT': 'ATGTG,ATGTGTG,A', 'QUAL': '.', 'FILTER': 'PASS', 'INFO': '.'}, {'#CHROM': 7, 'POS': 117559479, 'ID': 'rs213950', 'REF': 'G', 'ALT': 'A', 'QUAL': '.', 'FILTER': 'PASS', 'INFO': '.'}]","[None, None]","[None, 'V470M']"
GY_AR19Q10096_V5.pjt,"[{'#CHROM': 7, 'POS': 117548606, 'ID': 'rs528823432;rs528823432;rs4646205', 'REF': 'ATG', 'ALT': 'ATGTG,ATGTGTG,A', 'QUAL': '.', 'FILTER': 'PASS', 'INFO': '.'}, {'#CHROM': 7, 'POS': 117559479, 'ID': 'rs213950', 'REF': 'G', 'ALT': 'A', 'QUAL': '.', 'FILTER': 'PASS', 'INFO': '.'}, {'#CHROM': 7, 'POS': 117595001, 'ID': 'rs1042077', 'REF': 'T', 'ALT': 'G', 'QUAL': '.', 'FILTER': 'PASS', 'INFO': '.'}, {'#CHROM': 7, 'POS': 117595142, 'ID': 'rs4148712', 'REF': 'CAT', 'ALT': 'C', 'QUAL': '.', 'FILTER': 'PASS', 'INFO': '.'}, {'#CHROM': 7, 'POS': 117595164, 'ID': 'rs4148713', 'REF': 'T', 'ALT': 'A', 'QUAL': '.', 'FILTER': 'PASS', 'INFO': '.'}]",[],"[None, 'V470M', 'T854=', None, None]",[]
GY_AR19Q20002_V5_190517.pjt,"[{'#CHROM': 7, 'POS': 117548606, 'ID': 'rs528823432;rs528823432;rs4646205', 'REF': 'ATG', 'ALT': 'ATGTG,ATGTGTG,A', 'QUAL': '.', 'FILTER': 'PASS', 'INFO': '.'}, {'#CHROM': 7, 'POS': 117559479, 'ID': 'rs213950', 'REF': 'G', 'ALT': 'A', 'QUAL': '.', 'FILTER': 'PASS', 'INFO': '.'}, {'#CHROM': 7, 'POS': 117595001, 'ID': 'rs1042077', 'REF': 'T', 'ALT': 'G', 'QUAL': '.', 'FILTER': 'PASS', 'INFO': '.'}, {'#CHROM': 7, 'POS': 117595142, 'ID': 'rs4148712', 'REF': 'CAT', 'ALT': 'C', 'QUAL': '.', 'FILTER': 'PASS', 'INFO': '.'}, {'#CHROM': 7, 'POS': 117595164, 'ID': 'rs4148713', 'REF': 'T', 'ALT': 'A', 'QUAL': '.', 'FILTER': 'PASS', 'INFO': '.'}]",[],"[None, 'V470M', 'T854=', None, None]",[]
GY_AR19Q20011_V5_190517.pjt,"[{'#CHROM': 7, 'POS': 117536684, 'ID': 'rs1800503', 'REF': 'C', 'ALT': 'T', 'QUAL': '.', 'FILTER': 'PASS', 'INFO': '.'}, {'#CHROM': 7, 'POS': 117548606, 'ID': 'rs528823432;rs528823432;rs4646205', 'REF': 'ATG', 'ALT': 'ATGTG,ATGTGTG,A', 'QUAL': '.', 'FILTER': 'PASS', 'INFO': '.'}]","[{'#CHROM': 7, 'POS': 117548606, 'ID': 'rs528823432;rs528823432;rs4646205', 'REF': 'ATG', 'ALT': 'ATGTG,ATGTGTG,A', 'QUAL': '.', 'FILTER': 'PASS', 'INFO': '.'}, {'#CHROM': 7, 'POS': 117559479, 'ID': 'rs213950', 'REF': 'G', 'ALT': 'A', 'QUAL': '.', 'FILTER': 'PASS', 'INFO': '.'}, {'#CHROM': 7, 'POS': 117592427, 'ID': 'rs150157202', 'REF': 'G', 'ALT': 'A', 'QUAL': '.', 'FILTER': 'PASS', 'INFO': '.'}, {'#CHROM': 7, 'POS': 117606582, 'ID': 'rs35050470', 'REF': 'G', 'ALT': 'A', 'QUAL': '.', 'FILTER': 'PASS', 'INFO': '.'}, {'#CHROM': 7, 'POS': 117667054, 'ID': 'rs1800136', 'REF': 'G', 'ALT': 'A', 'QUAL': '.', 'FILTER': 'PASS', 'INFO': '.'}]","[None, None]","[None, 'V470M', 'V754M', None, 'Q1463=']"
GY_AR19Q20028_V5_190604.pjt,"[{'#CHROM': 7, 'POS': 117548606, 'ID': 'rs528823432;rs528823432;rs4646205', 'REF': 'ATG', 'ALT': 'ATGTG,ATGTGTG,A', 'QUAL': '.', 'FILTER': 'PASS', 'INFO': '.'}, {'#CHROM': 7, 'POS': 117559479, 'ID': 'rs213950', 'REF': 'G', 'ALT': 'A', 'QUAL': '.', 'FILTER': 'PASS', 'INFO': '.'}, {'#CHROM': 7, 'POS': 117589482, 'ID': 'rs572658447', 'REF': 'A', 'ALT': 'G', 'QUAL': '.', 'FILTER': 'PASS', 'INFO': '.'}, {'#CHROM': 7, 'POS': 117591798, 'ID': 'rs11978434', 'REF': 'T', 'ALT': 'C', 'QUAL': '.', 'FILTER': 'PASS', 'INFO': '.'}, {'#CHROM': 7, 'POS': 117595001, 'ID': 'rs1042077', 'REF': 'T', 'ALT': 'G', 'QUAL': '.', 'FILTER': 'PASS', 'INFO': '.'}, {'#CHROM': 7, 'POS': 117595142, 'ID': 'rs4148712', 'REF': 'CAT', 'ALT': 'C', 'QUAL': '.', 'FILTER': 'PASS', 'INFO': '.'}, {'#CHROM': 7, 'POS': 117606582, 'ID': 'rs35050470', 'REF': 'G', 'ALT': 'A', 'QUAL': '.', 'FILTER': 'PASS', 'INFO': '.'}, {'#CHROM': 7, 'POS': 117667054, 'ID': 'rs1800136', 'REF': 'G', 'ALT': 'A', 'QUAL': '.', 'FILTER': 'PASS', 'INFO': '.'}]","[{'#CHROM': 7, 'POS': 117548606, 'ID': 'rs528823432;rs528823432;rs4646205', 'REF': 'ATG', 'ALT': 'ATGTG,ATGTGTG,A', 'QUAL': '.', 'FILTER': 'PASS', 'INFO': '.'}]","[None, 'V470M', None, None, 'T854=', None, None, 'Q1463=']",[None]
GY_AR19Q20039_V5_190625.pjt,"[{'#CHROM': 7, 'POS': 117480087, 'ID': 'rs1800501', 'REF': 'G', 'ALT': 'C', 'QUAL': '.', 'FILTER': 'PASS', 'INFO': '.'}, {'#CHROM': 7, 'POS': 117548606, 'ID': 'rs528823432;rs528823432;rs4646205', 'REF': 'ATG', 'ALT': 'ATGTG,ATGTGTG,A', 'QUAL': '.', 'FILTER': 'PASS', 'INFO': '.'}]","[{'#CHROM': 7, 'POS': 117548606, 'ID': 'rs528823432;rs528823432;rs4646205', 'REF': 'ATG', 'ALT': 'ATGTG,ATGTGTG,A', 'QUAL': '.', 'FILTER': 'PASS', 'INFO': '.'}]","[None, None]",[None]
C1090_JL_0033.pjt,"[{'#CHROM': 7, 'POS': 117548606, 'ID': 'rs528823432;rs528823432;rs4646205', 'REF': 'ATG', 'ALT': 'ATGTG,ATGTGTG,A', 'QUAL': '.', 'FILTER': 'PASS', 'INFO': '.'}, {'#CHROM': 7, 'POS': 117559479, 'ID': 'rs213950', 'REF': 'G', 'ALT': 'A', 'QUAL': '.', 'FILTER': 'PASS', 'INFO': '.'}, {'#CHROM': 7, 'POS': 117595001, 'ID': 'rs1042077', 'REF': 'T', 'ALT': 'G', 'QUAL': '.', 'FILTER': 'PASS', 'INFO': '.'}, {'#CHROM': 7, 'POS': 117627815, 'ID': 'rs145743767', 'REF': 'G', 'ALT': 'A', 'QUAL': '.', 'FILTER': 'PASS', 'INFO': '.'}, {'#CHROM': 7, 'POS': 117667232, 'ID': 'rs67380110', 'REF': 'GT', 'ALT': 'G', 'QUAL': '.', 'FILTER': 'PASS', 'INFO': '.'}]","[{'#CHROM': 7, 'POS': 117548606, 'ID': 'rs528823432;rs528823432;rs4646205', 'REF': 'ATG', 'ALT': 'ATGTG,ATGTGTG,A', 'QUAL': '.', 'FILTER': 'PASS', 'INFO': '.'}, {'#CHROM': 7, 'POS': 117559479, 'ID': 'rs213950', 'REF': 'G', 'ALT': 'A', 'QUAL': '.', 'FILTER': 'PASS', 'INFO': '.'}, {'#CHROM': 7, 'POS': 117595001, 'ID': 'rs1042077', 'REF': 'T', 'ALT': 'G', 'QUAL': '.', 'FILTER': 'PASS', 'INFO': '.'}, {'#CHROM': 7, 'POS': 117667232, 'ID': 'rs67380110', 'REF': 'GT', 'ALT': 'G', 'QUAL': '.', 'FILTER': 'PASS', 'INFO': '.'}]","[None, 'V470M', 'T854=', None, None]","[None, 'V470M', 'T854=', None]"
C1026_JL_0017.pjt,"[{'#CHROM': 7, 'POS': 117548606, 'ID': 'rs528823432;rs528823432;rs4646205', 'REF': 'ATG', 'ALT': 'ATGTG,ATGTGTG,A', 'QUAL': '.', 'FILTER': 'PASS', 'INFO': '.'}]","[{'#CHROM': 7, 'POS': 117548606, 'ID': 'rs528823432;rs528823432;rs4646205', 'REF': 'ATG', 'ALT': 'ATGTG,ATGTGTG,A', 'QUAL': '.', 'FILTER': 'PASS', 'INFO': '.'}]",[None],[None]
C1090_JL_0027.pjt,"[{'#CHROM': 7, 'POS': 117509093, 'ID': 'rs1800076', 'REF': 'G', 'ALT': 'A', 'QUAL': '.', 'FILTER': 'PASS', 'INFO': '.'}, {'#CHROM': 7, 'POS': 117548606, 'ID': 'rs528823432;rs528823432;rs4646205', 'REF': 'ATG', 'ALT': 'ATGTG,ATGTGTG,A', 'QUAL': '.', 'FILTER': 'PASS', 'INFO': '.'}]","[{'#CHROM': 7, 'POS': 117548606, 'ID': 'rs528823432;rs528823432;rs4646205', 'REF': 'ATG', 'ALT': 'ATGTG,ATGTGTG,A', 'QUAL': '.', 'FILTER': 'PASS', 'INFO': '.'}, {'#CHROM': 7, 'POS': 117559479, 'ID': 'rs213950', 'REF': 'G', 'ALT': 'A', 'QUAL': '.', 'FILTER': 'PASS', 'INFO': '.'}, {'#CHROM': 7, 'POS': 117595001, 'ID': 'rs1042077', 'REF': 'T', 'ALT': 'G', 'QUAL': '.', 'FILTER': 'PASS', 'INFO': '.'}, {'#CHROM': 7, 'POS': 117606582, 'ID': 'rs35050470', 'REF': 'G', 'ALT': 'A', 'QUAL': '.', 'FILTER': 'PASS', 'INFO': '.'}]","['R75Q', None]","[None, 'V470M', 'T854=', None]"
C1090_JL_0029.pjt,"[{'#CHROM': 7, 'POS': 117548606, 'ID': 'rs528823432;rs528823432;rs4646205', 'REF': 'ATG', 'ALT': 'ATGTG,ATGTGTG,A', 'QUAL': '.', 'FILTER': 'PASS', 'INFO': '.'}]","[{'#CHROM': 7, 'POS': 117548606, 'ID': 'rs528823432;rs528823432;rs4646205', 'REF': 'ATG', 'ALT': 'ATGTG,ATGTGTG,A', 'QUAL': '.', 'FILTER': 'PASS', 'INFO': '.'}]",[None],[None]
C1026_JL_0018.pjt,"[{'#CHROM': 7, 'POS': 117548606, 'ID': 'rs528823432;rs528823432;rs4646205', 'REF': 'ATG', 'ALT': 'ATGTG,ATGTGTG,A', 'QUAL': '.', 'FILTER': 'PASS', 'INFO': '.'}]","[{'#CHROM': 7, 'POS': 117548606, 'ID': 'rs528823432;rs528823432;rs4646205', 'REF': 'ATG', 'ALT': 'ATGTG,ATGTGTG,A', 'QUAL': '.', 'FILTER': 'PASS', 'INFO': '.'}]",[None],[None]
C1026_JL_0026.pjt,"[{'#CHROM': 7, 'POS': 117548606, 'ID': 'rs528823432;rs528823432;rs4646205', 'REF': 'ATG', 'ALT': 'ATGTG,ATGTGTG,A', 'QUAL': '.', 'FILTER': 'PASS', 'INFO': '.'}]","[{'#CHROM': 7, 'POS': 117548606, 'ID': 'rs528823432;rs528823432;rs4646205', 'REF': 'ATG', 'ALT': 'ATGTG,ATGTGTG,A', 'QUAL': '.', 'FILTER': 'PASS', 'INFO': '.'}]",[None],[None]
C1026_JL_0021.pjt,"[{'#CHROM': 7, 'POS': 117548606, 'ID': 'rs528823432;rs528823432;rs4646205', 'REF': 'ATG', 'ALT': 'ATGTG,ATGTGTG,A', 'QUAL': '.', 'FILTER': 'PASS', 'INFO': '.'}]","[{'#CHROM': 7, 'POS': 117548606, 'ID': 'rs528823432;rs528823432;rs4646205', 'REF': 'ATG', 'ALT': 'ATGTG,ATGTGTG,A', 'QUAL': '.', 'FILTER': 'PASS', 'INFO': '.'}, {'#CHROM': 7, 'POS': 117595001, 'ID': 'rs1042077', 'REF': 'T', 'ALT': 'G', 'QUAL': '.', 'FILTER': 'PASS', 'INFO': '.'}, {'#CHROM': 7, 'POS': 117667232, 'ID': 'rs67380110', 'REF': 'GT', 'ALT': 'G', 'QUAL': '.', 'FILTER': 'PASS', 'INFO': '.'}]",[None],"[None, 'T854=', None]"
C1026_JL_0031.pjt,"[{'#CHROM': 7, 'POS': 117548606, 'ID': 'rs528823432;rs528823432;rs4646205', 'REF': 'ATG', 'ALT': 'ATGTG,ATGTGTG,A', 'QUAL': '.', 'FILTER': 'PASS', 'INFO': '.'}]","[{'#CHROM': 7, 'POS': 117548606, 'ID': 'rs528823432;rs528823432;rs4646205', 'REF': 'ATG', 'ALT': 'ATGTG,ATGTGTG,A', 'QUAL': '.', 'FILTER': 'PASS', 'INFO': '.'}]",[None],[None]
